<!DOCTYPE suite SYSTEM "http://testng.org/testng-1.0.dtd">

 

<suite name="QAF Demo" verbose="0">
	<test name="BDD Test" enabled="true">
		<parameter name="scenario.file.loc" value="scenarios"/>
              
               <classes>
                         <class name="com.qmetry.qaf.automation.step.client.text.BDDTestFactory"/>
               </classes>
               </test>
	<!-- <test name="KWD Test" enabled="false">
		<classes>
			<class name="com.qmetry.qaf.automation.step.client.csv.KwdTestFactory"></class>
		</classes>
	</test>
	<test name="java Test" enabled="true">
		<classes>
			<class name="com.qmetry.qaf.example.test.SampleTest"></class>
		</classes>
	</test>-->

</suite>